year_month,monthly_sales
2010-12,570422.73000001675
2011-01,568101.310000008
2011-02,446084.92000001646
2011-03,594081.76000001316
2011-04,468374.33100001334
2011-05,677355.15000000177
2011-06,660046.05000001157
2011-07,598962.901000014
2011-08,644051.04000000935
2011-09,950690.201999996
2011-10,1035642.4499999835
2011-11,1156205.6099999472
2011-12,517190.44000000326