Description,revenue
"PAPER CRAFT , LITTLE BIRDIE",168469.6
REGENCY CAKESTAND 3 TIER,142264.74999999965
WHITE HANGING HEART T-LIGHT HOLDER,100392.09999999868
JUMBO BAG RED RETROSPOT,85040.540000001914
MEDIUM CERAMIC TOP STORAGE JAR,81416.729999999952
POSTAGE,77803.959999999992
PARTY BUNTING,68785.230000000374
ASSORTED COLOUR BIRD ORNAMENT,56413.0299999996
Manual,53419.929999999964
RABBIT NIGHT LIGHT,51251.240000000114